{
  "project_info": {
    "project_number": "819093208646",
    "project_id": "birthdayreminder-a3b3d",
    "storage_bucket": "birthdayreminder-a3b3d.firebasestorage.app"
  },
  "client": [
    {
      "client_info": {
        "mobilesdk_app_id": "1:819093208646:android:90e9c25e2be341662e5447",
        "android_client_info": {
          "package_name": "com.example.birthdayreminderlast_10"
        }
      },
      "oauth_client": [
        {
          "client_id": "819093208646-bb4hesd3ht4290ihta3bjdi1a9ibfum9.apps.googleusercontent.com",
          "client_type": 1,
          "android_info": {
            "package_name": "com.example.birthdayreminderlast_10",
            "certificate_hash": "b8af269cb0699c423088aafc3234c3477cbd916a"
          }
        },
        {
          "client_id": "819093208646-v9vu063rlm5114c4hmhes2rgu61uahb8.apps.googleusercontent.com",
          "client_type": 3
        }
      ],
      "api_key": [
        {
          "current_key": "AIzaSyB0AtrzwPbqQVPaJ81bQxCtp84N2E1D_2w"
        }
      ],
      "services": {
        "appinvite_service": {
          "other_platform_oauth_client": [
            {
              "client_id": "819093208646-v9vu063rlm5114c4hmhes2rgu61uahb8.apps.googleusercontent.com",
              "client_type": 3
            }
          ]
        }
      }
    }
  ],
  "configuration_version": "1"
}